0.02,0.16,1
0.04,0.15,1
0.07,0.14,1
0.09,0.13,1
0.12,0.13,1
0.14,0.14,1
0.17,0.13,1
0.19,0.13,1
0.21,0.15,1
0.24,0.14,1
0.26,0.14,1
0.29,0.15,1
0.31,0.16,1
0.34,0.17,1
0.36,0.17,1
0.39,0.16,1
0.41,0.18,1
0.43,0.19,1
0.46,0.19,1
0.48,0.17,1
0.51,0.15,1
0.53,0.14,1
0.56,0.16,1
0.58,0.16,1
0.61,0.16,1
0.63,0.16,1
0.65,0.16,1
0.68,0.17,1
0.7,0.17,1
0.73,0.15,1
0.75,0.15,1
0.78,0.15,1
0.8,0.15,1
0.83,0.15,1
0.85,0.16,1
0.87,0.16,1
0.9,0.16,1
0.92,0.16,1
0.95,0.17,1
0.97,0.17,1
1,0.19,1
1.02,0.18,1
1.05,0.19,1
1.07,0.18,1
1.09,0.17,1
1.12,0.17,1
1.14,0.15,1
1.17,0.14,1
1.19,0.14,1
1.22,0.14,1
1.24,0.13,1
1.26,0.14,1
1.29,0.16,1
1.31,0.18,1
1.34,0.17,1
1.36,0.17,1
1.39,0.17,1
1.41,0.19,1
1.44,0.18,1
1.46,0.16,1
1.48,0.16,1
1.51,0.15,1
1.53,0.16,1
1.56,0.16,1
1.58,0.16,1
1.61,0.18,1
1.63,0.18,1
1.66,0.17,1
1.68,0.19,1
1.7,0.18,1
1.73,0.17,1
1.75,0.16,1
1.78,0.15,1
1.8,0.15,1
1.83,0.15,1
1.85,0.15,1
1.88,0.16,1
1.9,0.17,1
1.92,0.16,1
1.95,0.17,1
1.97,0.16,1
2,0.16,1
2.02,0.17,1
2.05,0.16,1
2.07,0.16,1
2.1,0.16,1
2.12,0.13,1
2.14,0.15,1
2.17,0.16,1
2.19,0.14,1
2.22,0.14,1
2.24,0.13,1
2.27,0.15,1
2.29,0.16,1
2.31,0.16,1
2.34,0.15,1
2.36,0.16,1
2.39,0.16,1
2.41,0.17,1
2.44,0.16,1
2.46,0.17,1
2.49,0.18,1
2.51,0.18,1
2.53,0.17,1
2.56,0.17,1
2.58,0.16,1
2.61,0.15,1
2.63,0.15,1
2.66,0.15,1
2.68,0.16,1
2.71,0.14,1
2.73,0.14,1
2.75,0.16,1
2.78,0.17,1
2.8,0.17,1
2.83,0.17,1
2.85,0.17,1
2.88,0.18,1
2.9,0.18,1
2.93,0.16,1
2.95,0.16,1
2.97,0.14,1
3,0.14,1
3.02,0.14,1
3.05,0.14,1
3.07,0.15,1
3.1,0.14,1
3.12,0.15,1
3.15,0.17,1
3.17,0.16,1
3.19,0.17,1
3.22,0.17,1
3.24,0.17,1
3.27,0.17,1
3.29,0.17,1
3.32,0.16,1
3.34,0.16,1
3.36,0.15,1
3.39,0.14,1
3.41,0.15,1
3.44,0.13,1
3.46,0.13,1
3.49,0.15,1
3.51,0.15,1
3.54,0.15,1
3.56,0.16,1
3.58,0.15,1
3.61,0.18,1
3.63,0.18,1
3.66,0.17,1
3.68,0.17,1
3.71,0.17,1
3.73,0.17,1
3.76,0.16,1
3.78,0.15,1
3.8,0.14,1
3.83,0.13,1
3.85,0.13,1
3.88,0.14,1
3.9,0.13,1
3.93,0.13,1
3.95,0.13,1
3.98,0.13,1
4,0.15,1
4.02,0.15,1
4.05,0.15,1
4.07,0.15,1
4.1,0.15,1
4.12,0.16,1
4.15,0.16,1
4.17,0.16,1
4.2,0.16,1
4.22,0.17,1
4.24,0.17,1
4.27,0.17,1
4.29,0.17,1
4.32,0.17,1
4.34,0.18,1
4.37,0.17,1
4.39,0.16,1
4.42,0.17,1
4.44,0.15,1
4.46,0.16,1
4.49,0.16,1
4.51,0.15,1
4.54,0.17,1
4.56,0.15,1
4.59,0.15,1
4.61,0.17,1
4.63,0.17,1
4.66,0.16,1
4.68,0.15,1
4.71,0.15,1
4.73,0.15,1
4.76,0.15,1
4.78,0.14,1
4.81,0.13,1
4.83,0.13,1
4.85,0.13,1
4.88,0.14,1
4.9,0.14,1
4.93,0.15,1
4.95,0.15,1
4.98,0.15,1
5,0.16,1
5.03,0.16,1
5.05,0.15,1
5.07,0.16,1
5.1,0.16,1
5.12,0.17,1
5.15,0.17,1
5.17,0.16,1
5.2,0.16,1
5.22,0.16,1
5.25,0.16,1
5.27,0.17,1
5.29,0.15,1
5.32,0.14,1
5.34,0.16,1
5.37,0.16,1
5.39,0.15,1
5.42,0.15,1
5.44,0.15,1
5.47,0.15,1
5.49,0.17,1
5.51,0.16,1
5.54,0.17,1
5.56,0.17,1
5.59,0.17,1
5.61,0.17,1
5.64,0.16,1
5.66,0.16,1
5.68,0.16,1
5.71,0.16,1
5.73,0.17,1
5.76,0.17,1
5.78,0.16,1
5.81,0.17,1
5.83,0.17,1
5.86,0.18,1
5.88,0.17,1
5.9,0.15,1
5.93,0.15,1
5.95,0.14,1
5.98,0.14,1
6,0.14,1
6.03,0.13,1
6.05,0.14,1
6.08,0.17,1
6.1,0.16,1
6.12,0.17,1
6.15,0.16,1
6.17,0.16,1
6.2,0.16,1
6.22,0.15,1
6.25,0.15,1
6.27,0.15,1
6.3,0.14,1
6.32,0.16,1
6.34,0.16,1
6.37,0.17,1
6.39,0.19,1
6.42,0.19,1
6.44,0.19,1
6.47,0.2,1
6.49,0.19,1
6.52,0.19,1
6.54,0.2,1
6.56,0.19,1
6.59,0.18,1
6.61,0.18,1
6.64,0.16,1
6.66,0.17,1
6.69,0.16,1
6.71,0.14,1
6.73,0.16,1
6.76,0.15,1
6.78,0.16,1
6.81,0.18,1
6.83,0.19,1
6.86,0.18,1
6.88,0.19,1
6.91,0.19,1
6.93,0.19,1
6.95,0.18,1
6.98,0.17,1
7,0.16,1
7.03,0.15,1
7.05,0.15,1
7.08,0.16,1
7.1,0.17,1
7.13,0.16,1
7.15,0.16,1
7.17,0.16,1
7.2,0.16,1
7.22,0.16,1
7.25,0.15,1
7.27,0.16,1
7.3,0.16,1
7.32,0.17,1
7.35,0.17,1
7.37,0.15,1
7.39,0.15,1
7.42,0.16,1
7.44,0.14,1
7.47,0.15,1
7.49,0.13,1
7.52,0.14,1
7.54,0.17,1
7.57,0.18,1
7.59,0.18,1
7.61,0.19,1
7.64,0.19,1
7.66,0.2,1
7.69,0.2,1
7.71,0.19,1
7.74,0.18,1
7.76,0.18,1
7.78,0.17,1
7.81,0.18,1
7.83,0.18,1
7.86,0.19,1
7.88,0.2,1
7.91,0.2,1
7.93,0.2,1
7.96,0.2,1
7.98,0.2,1
8,0.21,1
8.03,0.2,1
8.05,0.18,1
8.08,0.2,1
8.1,0.18,1
8.13,0.18,1
8.15,0.18,1
8.18,0.17,1
8.2,0.18,1
8.22,0.16,1
8.25,0.14,1
8.27,0.18,1
8.3,0.17,1
8.32,0.18,1
8.35,0.18,1
8.37,0.18,1
8.4,0.21,1
8.42,0.22,1
8.44,0.2,1
8.47,0.22,1
8.49,0.22,1
8.52,0.21,1
8.54,0.22,1
8.57,0.21,1
8.59,0.21,1
8.62,0.21,1
8.64,0.19,1
8.66,0.21,1
8.69,0.21,1
8.71,0.22,1
8.74,0.24,1
8.76,0.23,1
8.79,0.24,1
8.81,0.23,1
8.84,0.22,1
8.86,0.22,1
8.88,0.22,1
8.91,0.21,1
8.93,0.21,1
8.96,0.21,1
8.98,0.21,1
9.01,0.24,1
9.03,0.24,1
9.05,0.24,1
9.08,0.24,1
9.1,0.24,1
9.13,0.24,1
9.15,0.24,1
9.18,0.22,1
9.2,0.22,1
9.23,0.21,1
9.25,0.21,1
9.27,0.22,1
9.3,0.23,1
9.32,0.24,1
9.35,0.23,1
9.37,0.25,1
9.4,0.26,1
9.42,0.26,1
9.45,0.25,1
9.47,0.25,1
9.49,0.24,1
9.52,0.25,1
9.54,0.24,1
9.57,0.24,1
9.59,0.24,1
9.62,0.23,1
9.64,0.23,1
9.67,0.25,1
9.69,0.23,1
9.71,0.23,1
9.74,0.25,1
9.76,0.25,1
9.79,0.25,1
9.81,0.25,1
9.84,0.25,1
9.86,0.25,1
9.89,0.26,1
9.91,0.24,1
9.93,0.24,1
9.96,0.25,1
9.98,0.25,1
10.01,0.26,1
10.03,0.27,1
10.06,0.27,1
10.08,0.27,1
10.1,0.27,1
10.13,0.27,1
10.15,0.27,1
10.18,0.27,1
10.2,0.27,1
10.23,0.27,1
10.25,0.28,1
10.28,0.28,1
10.3,0.28,1
10.32,0.27,1
10.35,0.27,1
10.37,0.26,1
10.4,0.26,1
10.42,0.24,1
10.45,0.25,1
10.47,0.27,1
10.5,0.27,1
10.52,0.28,1
10.54,0.28,1
10.57,0.29,1
10.59,0.31,1
10.62,0.31,1
10.64,0.3,1
10.67,0.3,1
10.69,0.29,1
10.72,0.29,1
10.74,0.31,1
10.76,0.31,1
10.79,0.32,1
10.81,0.32,1
10.84,0.32,1
10.86,0.34,1
10.89,0.34,1
10.91,0.33,1
10.94,0.34,1
10.96,0.33,1
10.98,0.32,1
11.01,0.32,1
11.03,0.32,1
11.06,0.31,1
11.08,0.29,1
11.11,0.28,1
11.13,0.29,1
11.15,0.29,1
11.18,0.29,1
11.2,0.31,1
11.23,0.31,1
11.25,0.33,1
11.28,0.34,1
11.3,0.34,1
11.33,0.36,1
11.35,0.36,1
11.37,0.34,1
11.4,0.35,1
11.42,0.33,1
11.45,0.31,1
11.47,0.32,1
11.5,0.32,1
11.52,0.32,1
11.55,0.31,1
11.57,0.31,1
11.59,0.34,1
11.62,0.35,1
11.64,0.35,1
11.67,0.36,1
11.69,0.36,1
11.72,0.38,1
11.74,0.37,1
11.77,0.38,1
11.79,0.38,1
11.81,0.38,1
11.84,0.37,1
11.86,0.37,1
11.89,0.36,1
11.91,0.36,1
11.94,0.36,1
11.96,0.37,1
11.99,0.37,1
12.01,0.37,1
12.03,0.37,1
12.06,0.39,1
12.08,0.39,1
12.11,0.37,1
12.13,0.36,1
12.16,0.36,1
12.18,0.37,1
12.21,0.38,1
12.23,0.38,1
12.25,0.39,1
12.28,0.41,1
12.3,0.41,1
12.33,0.43,1
12.35,0.42,1
12.38,0.42,1
12.4,0.41,1
12.42,0.41,1
12.45,0.4,1
12.47,0.41,1
12.5,0.4,1
12.52,0.41,1
12.55,0.4,1
12.57,0.41,1
12.6,0.42,1
12.62,0.41,1
12.64,0.42,1
12.67,0.43,1
12.69,0.42,1
12.72,0.43,1
12.74,0.43,1
12.77,0.42,1
12.79,0.44,1
12.82,0.43,1
12.84,0.43,1
12.86,0.44,1
12.89,0.43,1
12.91,0.43,1
12.94,0.45,1
12.96,0.45,1
12.99,0.44,1
13.01,0.43,1
13.04,0.42,1
13.06,0.45,1
13.08,0.45,1
13.11,0.44,1
13.13,0.44,1
13.16,0.43,1
13.18,0.43,1
13.21,0.43,1
13.23,0.42,1
13.26,0.42,1
13.28,0.42,1
13.3,0.43,1
13.33,0.45,1
13.35,0.44,1
13.38,0.44,1
13.4,0.45,1
13.43,0.46,1
13.45,0.46,1
13.47,0.46,1
13.5,0.44,1
13.52,0.46,1
13.55,0.46,1
13.57,0.46,1
13.6,0.45,1
13.62,0.43,1
13.65,0.43,1
13.67,0.45,1
13.69,0.45,1
13.72,0.45,1
13.74,0.45,1
13.77,0.46,1
13.79,0.48,1
13.82,0.47,1
13.84,0.46,1
13.87,0.46,1
13.89,0.44,1
13.91,0.44,1
13.94,0.44,1
13.96,0.44,1
13.99,0.43,1
14.01,0.42,1
14.04,0.42,1
14.06,0.44,1
14.09,0.43,1
14.11,0.43,1
14.13,0.43,1
14.16,0.43,1
14.18,0.43,1
14.21,0.44,1
14.23,0.42,1
14.26,0.44,1
14.28,0.43,1
14.31,0.44,1
14.33,0.45,1
14.35,0.44,1
14.38,0.44,1
14.4,0.46,1
14.43,0.45,1
14.45,0.45,1
14.48,0.45,1
14.5,0.45,1
14.52,0.46,1
14.55,0.45,1
14.57,0.43,1
14.6,0.44,1
14.62,0.43,1
14.65,0.43,1
14.67,0.43,1
14.7,0.43,1
14.72,0.45,1
14.74,0.45,1
14.77,0.46,1
14.79,0.47,1
14.82,0.47,1
14.84,0.47,1
14.87,0.46,1
14.89,0.46,1
14.92,0.47,1
14.94,0.46,1
14.96,0.46,1
14.99,0.46,1
15.01,0.46,1
15.04,0.46,1
15.06,0.45,1
15.09,0.44,1
15.11,0.44,1
15.14,0.45,1
15.16,0.45,1
15.18,0.46,1
15.21,0.47,1
15.23,0.48,1
15.26,0.49,1
15.28,0.5,1
15.31,0.49,1
15.33,0.49,1
15.36,0.49,1
15.38,0.5,1
15.4,0.5,1
15.43,0.5,1
15.45,0.5,1
15.48,0.51,1
15.5,0.51,1
15.53,0.52,1
15.55,0.51,1
15.57,0.52,1
15.6,0.53,1
15.62,0.52,1
15.65,0.53,1
15.67,0.54,1
15.7,0.53,1
15.72,0.54,1
15.75,0.55,1
15.77,0.56,1
15.79,0.57,1
15.82,0.55,1
15.84,0.55,1
15.87,0.58,1
15.89,0.57,1
15.92,0.57,1
15.94,0.56,1
15.97,0.56,1
15.99,0.59,1
16.01,0.59,1
16.04,0.57,1
16.06,0.57,1
16.09,0.57,1
16.11,0.58,1
16.14,0.58,1
16.16,0.58,1
16.19,0.59,1
16.21,0.59,1
16.23,0.59,1
16.26,0.62,1
16.28,0.61,1
16.31,0.61,1
16.33,0.61,1
16.36,0.63,1
16.38,0.63,1
16.41,0.64,1
16.43,0.64,1
16.45,0.66,1
16.48,0.67,1
16.5,0.67,1
16.53,0.68,1
16.55,0.68,1
16.58,0.68,1
16.6,0.69,1
16.63,0.69,1
16.65,0.69,1
16.67,0.7,1
16.7,0.7,1
16.72,0.72,1
16.75,0.73,1
16.77,0.72,1
16.8,0.72,1
16.82,0.71,1
16.84,0.72,1
16.87,0.72,1
16.89,0.7,1
16.92,0.71,1
16.94,0.71,1
16.97,0.72,1
16.99,0.74,1
17.02,0.75,1
17.04,0.75,1
17.06,0.77,1
17.09,0.76,1
17.11,0.77,1
17.14,0.78,1
17.16,0.76,1
17.19,0.76,1
17.21,0.77,1
17.24,0.77,1
17.26,0.77,1
17.28,0.78,1
17.31,0.77,1
17.33,0.8,1
17.36,0.8,1
17.38,0.8,1
17.41,0.79,1
17.43,0.8,1
17.46,0.8,1
17.48,0.8,1
17.5,0.77,1
17.53,0.78,1
17.55,0.77,1
17.58,0.77,1
17.6,0.76,1
17.63,0.76,1
17.65,0.77,1
17.68,0.77,1
17.7,0.77,1
17.72,0.79,1
17.75,0.79,1
17.77,0.8,1
17.8,0.8,1
17.82,0.8,1
17.85,0.8,1
17.87,0.81,1
17.89,0.8,1
17.92,0.79,1
17.94,0.79,1
17.97,0.79,1
17.99,0.79,1
18.02,0.79,1
18.04,0.78,1
18.07,0.77,1
18.09,0.77,1
18.11,0.77,1
18.14,0.76,1
18.16,0.76,1
18.19,0.77,1
18.21,0.77,1
18.24,0.77,1
18.26,0.78,1
18.29,0.77,1
18.31,0.77,1
18.33,0.76,1
18.36,0.75,1
18.38,0.75,1
18.41,0.74,1
18.43,0.74,1
18.46,0.76,1
18.48,0.75,1
18.51,0.75,1
18.53,0.74,1
18.55,0.74,1
18.58,0.74,1
18.6,0.74,1
18.63,0.74,1
18.65,0.74,1
18.68,0.74,1
18.7,0.74,1
18.73,0.74,1
18.75,0.72,1
18.77,0.71,1
18.8,0.71,1
18.82,0.71,1
18.85,0.71,1
18.87,0.71,1
18.9,0.71,1
18.92,0.72,1
18.94,0.73,1
18.97,0.73,1
18.99,0.73,1
19.02,0.71,1
19.04,0.7,1
19.07,0.7,1
19.09,0.68,1
19.12,0.68,1
19.14,0.68,1
19.16,0.68,1
19.19,0.71,1
19.21,0.71,1
19.24,0.71,1
19.26,0.71,1
19.29,0.72,1
19.31,0.72,1
19.34,0.72,1
19.36,0.71,1
19.38,0.71,1
19.41,0.7,1
19.43,0.7,1
19.46,0.69,1
19.48,0.69,1
19.51,0.68,1
19.53,0.68,1
19.56,0.68,1
19.58,0.7,1
19.6,0.7,1
19.63,0.69,1
19.65,0.71,1
19.68,0.71,1
19.7,0.7,1
19.73,0.7,1
19.75,0.68,1
19.78,0.7,1
19.8,0.7,1
19.82,0.69,1
19.85,0.7,1
19.87,0.7,1
19.9,0.71,1
19.92,0.73,1
19.95,0.73,1
19.97,0.73,1
19.99,0.74,1
20.02,0.74,1
20.04,0.77,1
20.07,0.77,1
20.09,0.77,1
20.12,0.77,1
20.14,0.78,1
20.17,0.78,1
20.19,0.79,1
20.21,0.79,1
20.24,0.8,1
20.26,0.82,1
20.29,0.82,1
20.31,0.83,1
20.34,0.84,1
20.36,0.84,1
20.39,0.86,1
20.41,0.86,1
20.43,0.86,1
20.46,0.86,1
20.48,0.86,1
20.51,0.87,1
20.53,0.88,1
20.56,0.87,1
20.58,0.89,1
20.61,0.9,1
20.63,0.92,1
20.65,0.96,1
20.68,0.96,1
20.7,0.97,1
20.73,0.98,1
20.75,0.98,1
20.78,0.99,1
20.8,0.99,1
20.83,0.99,1
20.85,1,1
20.87,1.01,1
20.9,1.01,1
20.92,1.03,1
20.95,1.05,1
20.97,1.07,1
21,1.08,1
21.02,1.09,1
21.05,1.11,1
21.07,1.13,1
21.09,1.14,1
21.12,1.16,1
21.14,1.16,1
21.17,1.14,1
21.19,1.16,1
21.22,1.14,1
21.24,1.15,1
21.26,1.16,1
21.29,1.15,1
21.31,1.16,1
21.34,1.18,1
21.36,1.19,1
21.39,1.22,1
21.41,1.22,1
21.44,1.22,1
21.46,1.23,1
21.48,1.24,1
21.51,1.26,1
21.53,1.27,1
21.56,1.27,1
21.58,1.29,1
21.61,1.29,1
21.63,1.29,1
21.66,1.3,1
21.68,1.3,1
21.7,1.31,1
21.73,1.3,1
21.75,1.3,1
21.78,1.32,1
21.8,1.33,1
21.83,1.33,1
21.85,1.35,1
21.88,1.34,1
21.9,1.35,1
21.92,1.36,1
21.95,1.36,1
21.97,1.35,1
22,1.35,1
22.02,1.34,1
22.05,1.35,1
22.07,1.33,1
22.1,1.32,1
22.12,1.34,1
22.14,1.34,1
22.17,1.33,1
22.19,1.33,1
22.22,1.32,1
22.24,1.34,1
22.27,1.34,1
22.29,1.32,1
22.31,1.32,1
22.34,1.31,1
22.36,1.31,1
22.39,1.33,1
22.41,1.33,1
22.44,1.33,1
22.46,1.33,1
22.49,1.32,1
22.51,1.33,1
22.53,1.32,1
22.56,1.3,1
22.58,1.29,1
22.61,1.27,1
22.63,1.27,1
22.66,1.26,1
22.68,1.26,1
22.71,1.25,1
22.73,1.25,1
22.75,1.24,1
22.78,1.25,1
22.8,1.23,1
22.83,1.22,1
22.85,1.22,1
22.88,1.22,1
22.9,1.2,1
22.93,1.2,1
22.95,1.19,1
22.97,1.21,1
23,1.2,1
23.02,1.18,1
23.05,1.19,1
23.07,1.17,1
23.1,1.16,1
23.12,1.16,1
23.15,1.15,1
23.17,1.14,1
23.19,1.13,1
23.22,1.12,1
23.24,1.13,1
23.27,1.11,1
23.29,1.1,1
23.32,1.1,1
23.34,1.09,1
23.36,1.09,1
23.39,1.09,1
23.41,1.07,1
23.44,1.07,1
23.46,1.06,1
23.49,1.05,1
23.51,1.05,1
23.54,1.03,1
23.56,1.01,1
23.58,1.04,1
23.61,1.03,1
23.63,1.04,1
23.66,1.04,1
23.68,1.02,1
23.71,1.03,1
23.73,1.03,1
23.76,1,1
23.78,1,1
23.8,0.99,1
23.83,0.97,1
23.85,0.98,1
23.88,0.97,1
23.9,0.97,1
23.93,0.97,1
23.95,0.97,1
23.98,0.98,1
24,0.99,1
24.02,0.98,1
24.05,0.98,1
24.07,0.98,1
24.1,0.97,1
24.12,0.97,1
24.15,0.94,1
24.17,0.93,1
24.2,0.93,1
24.22,0.93,1
24.24,0.94,1
24.27,0.91,1
24.29,0.91,1
24.32,0.94,1
24.34,0.94,1
24.37,0.94,1
24.39,0.96,1
24.42,0.95,1
24.44,0.99,1
24.46,0.99,1
24.49,0.99,1
24.51,0.99,1
24.54,0.99,1
24.56,0.99,1
24.59,1.02,1
24.61,1.03,1
24.63,1.03,1
24.66,1.04,1
24.68,1.04,1
24.71,1.05,1
24.73,1.06,1
24.76,1.05,1
24.78,1.06,1
24.81,1.07,1
24.83,1.08,1
24.85,1.1,1
24.88,1.11,1
24.9,1.13,1
24.93,1.15,1
24.95,1.15,1
24.98,1.18,1
25,1.18,1
25.03,1.21,1
25.05,1.23,1
25.07,1.24,1
25.1,1.25,1
25.12,1.28,1
25.15,1.29,1
25.17,1.32,1
25.2,1.34,1
25.22,1.36,1
25.25,1.39,1
25.27,1.4,1
25.29,1.42,1
25.32,1.45,1
25.34,1.48,1
25.37,1.5,1
25.39,1.52,1
25.42,1.53,1
25.44,1.56,1
25.47,1.59,1
25.49,1.6,1
25.51,1.61,1
25.54,1.62,1
25.56,1.64,1
25.59,1.67,1
25.61,1.69,1
25.64,1.71,1
25.66,1.72,1
25.68,1.75,1
25.71,1.77,1
25.73,1.77,1
25.76,1.78,1
25.78,1.81,1
25.81,1.83,1
25.83,1.85,1
25.86,1.87,1
25.88,1.88,1
25.9,1.91,1
25.93,1.92,1
25.95,1.94,1
25.98,1.94,1
26,1.94,1
26.03,1.95,1
26.05,1.98,1
26.08,2,1
26.1,2.01,1
26.12,2.02,1
26.15,2.05,1
26.17,2.08,1
26.2,2.09,1
26.22,2.09,1
26.25,2.09,1
26.27,2.1,1
26.3,2.12,1
26.32,2.13,1
26.34,2.13,1
26.37,2.14,1
26.39,2.14,1
26.42,2.16,1
26.44,2.17,1
26.47,2.17,1
26.49,2.17,1
26.52,2.19,1
26.54,2.18,1
26.56,2.18,1
26.59,2.17,1
26.61,2.18,1
26.64,2.19,1
26.66,2.17,1
26.69,2.17,1
26.71,2.18,1
26.73,2.17,1
26.76,2.17,1
26.78,2.18,1
26.81,2.18,1
26.83,2.18,1
26.86,2.18,1
26.88,2.17,1
26.91,2.19,1
26.93,2.17,1
26.95,2.15,1
26.98,2.13,1
27,2.1,1
27.03,2.09,1
27.05,2.08,1
27.08,2.07,1
27.1,2.07,1
27.13,2.06,1
27.15,2.07,1
27.17,2.07,1
27.2,2.07,1
27.22,2.05,1
27.25,2.04,1
27.27,2.02,1
27.3,2,1
27.32,1.99,1
27.35,1.98,1
27.37,1.96,1
27.39,1.94,1
27.42,1.93,1
27.44,1.92,1
27.47,1.89,1
27.49,1.87,1
27.52,1.87,1
27.54,1.86,1
27.57,1.85,1
27.59,1.83,1
27.61,1.81,1
27.64,1.83,1
27.66,1.81,1
27.69,1.77,1
27.71,1.77,1
27.74,1.73,1
27.76,1.72,1
27.78,1.71,1
27.81,1.67,1
27.83,1.66,1
27.86,1.64,1
27.88,1.62,1
27.91,1.64,1
27.93,1.62,1
27.96,1.61,1
27.98,1.59,1
28,1.58,1
28.03,1.57,1
28.05,1.55,1
28.08,1.53,1
28.1,1.53,1
28.13,1.51,1
28.15,1.5,1
28.18,1.48,1
28.2,1.46,1
28.22,1.45,1
28.25,1.45,1
28.27,1.43,1
28.3,1.43,1
28.32,1.41,1
28.35,1.41,1
28.37,1.43,1
28.4,1.43,1
28.42,1.4,1
28.44,1.39,1
28.47,1.37,1
28.49,1.36,1
28.52,1.34,1
28.54,1.33,1
28.57,1.32,1
28.59,1.31,1
28.62,1.31,1
28.64,1.33,1
28.66,1.33,1
28.69,1.33,1
28.71,1.32,1
28.74,1.32,1
28.76,1.31,1
28.79,1.3,1
28.81,1.3,1
28.84,1.31,1
28.86,1.31,1
28.88,1.31,1
28.91,1.31,1
28.93,1.3,1
28.96,1.3,1
28.98,1.31,1
29.01,1.3,1
29.03,1.3,1
29.05,1.3,1
29.08,1.3,1
29.1,1.34,1
29.13,1.34,1
29.15,1.34,1
29.18,1.35,1
29.2,1.36,1
29.23,1.37,1
29.25,1.37,1
29.27,1.36,1
29.3,1.37,1
29.32,1.36,1
29.35,1.38,1
29.37,1.41,1
29.4,1.42,1
29.42,1.44,1
29.45,1.46,1
29.47,1.48,1
29.49,1.51,1
29.52,1.53,1
29.54,1.55,1
29.57,1.56,1
29.59,1.59,1
29.62,1.61,1
29.64,1.64,1
29.67,1.67,1
29.69,1.7,1
29.71,1.72,1
29.74,1.76,1
29.76,1.79,1
29.79,1.82,1
29.81,1.84,1
29.84,1.88,1
29.86,1.91,1
29.89,1.94,1
29.91,1.97,1
29.93,1.99,1
29.96,2.03,1
29.98,2.06,1
30.01,2.08,1
30.03,2.11,1
30.06,2.14,1
30.08,2.18,1
30.1,2.23,1
30.13,2.26,1
30.15,2.3,1
30.18,2.32,1
30.2,2.36,1
30.23,2.4,1
30.25,2.44,1
30.28,2.45,1
30.3,2.48,1
30.32,2.51,1
30.35,2.54,1
30.37,2.58,1
30.4,2.61,1
30.42,2.65,1
30.45,2.7,1
30.47,2.73,1
30.5,2.78,1
30.52,2.82,1
30.54,2.85,1
30.57,2.9,1
30.59,2.92,1
30.62,2.95,1
30.64,2.97,1
30.67,2.99,1
30.69,3.01,1
30.72,3.04,1
30.74,3.06,1
30.76,3.09,1
30.79,3.1,1
30.81,3.13,1
30.84,3.19,1
30.86,3.22,1
30.89,3.24,1
30.91,3.25,1
30.94,3.25,1
30.96,3.27,1
30.98,3.3,1
31.01,3.3,1
31.03,3.32,1
31.06,3.32,1
31.08,3.34,1
31.11,3.37,1
31.13,3.39,1
31.15,3.4,1
31.18,3.4,1
31.2,3.41,1
31.23,3.43,1
31.25,3.44,1
31.28,3.43,1
31.3,3.44,1
31.33,3.44,1
31.35,3.43,1
31.37,3.42,1
31.4,3.4,1
31.42,3.4,1
31.45,3.4,1
31.47,3.38,1
31.5,3.38,1
31.52,3.38,1
31.55,3.38,1
31.57,3.39,1
31.59,3.38,1
31.62,3.37,1
31.64,3.36,1
31.67,3.34,1
31.69,3.31,1
31.72,3.29,1
31.74,3.26,1
31.77,3.24,1
31.79,3.22,1
31.81,3.2,1
31.84,3.18,1
31.86,3.17,1
31.89,3.15,1
31.91,3.12,1
31.94,3.12,1
31.96,3.1,1
31.99,3.07,1
32.01,3.05,1
32.03,3.05,1
32.06,3.02,1
32.08,3,1
32.11,2.95,1
32.13,2.91,1
32.16,2.89,1
32.18,2.85,1
32.2,2.81,1
32.23,2.78,1
32.25,2.73,1
32.28,2.71,1
32.3,2.71,1
32.33,2.68,1
32.35,2.66,1
32.38,2.63,1
32.4,2.6,1
32.42,2.59,1
32.45,2.57,1
32.47,2.53,1
32.5,2.5,1
32.52,2.47,1
32.55,2.45,1
32.57,2.43,1
32.6,2.4,1
32.62,2.37,1
32.64,2.36,1
32.67,2.33,1
32.69,2.32,1
32.72,2.3,1
32.74,2.27,1
32.77,2.27,1
32.79,2.24,1
32.82,2.21,1
32.84,2.19,1
32.86,2.14,1
32.89,2.1,1
32.91,2.07,1
32.94,2.03,1
32.96,2.02,1
32.99,1.99,1
33.01,1.96,1
33.04,1.97,1
33.06,1.95,1
33.08,1.93,1
33.11,1.91,1
33.13,1.89,1
33.16,1.88,1
33.18,1.87,1
33.21,1.84,1
33.23,1.82,1
33.26,1.81,1
33.28,1.8,1
33.3,1.78,1
33.33,1.77,1
33.35,1.76,1
33.38,1.75,1
33.4,1.75,1
33.43,1.75,1
33.45,1.74,1
33.47,1.74,1
33.5,1.74,1
33.52,1.72,1
33.55,1.72,1
33.57,1.71,1
33.6,1.7,1
33.62,1.7,1
33.65,1.69,1
33.67,1.67,1
33.69,1.68,1
33.72,1.67,1
33.74,1.66,1
33.77,1.68,1
33.79,1.7,1
33.82,1.7,1
33.84,1.71,1
33.87,1.72,1
33.89,1.73,1
33.91,1.76,1
33.94,1.76,1
33.96,1.76,1
33.99,1.77,1
34.01,1.79,1
34.04,1.82,1
34.06,1.83,1
34.09,1.86,1
34.11,1.87,1
34.13,1.91,1
34.16,1.93,1
34.18,1.94,1
34.21,1.97,1
34.23,2.01,1
34.26,2.02,1
34.28,2.06,1
34.31,2.07,1
34.33,2.11,1
34.35,2.15,1
34.38,2.18,1
34.4,2.21,1
34.43,2.27,1
34.45,2.27,1
34.48,2.3,1
34.5,2.36,1
34.52,2.4,1
34.55,2.44,1
34.57,2.48,1
34.6,2.52,1
34.62,2.59,1
34.65,2.63,1
34.67,2.66,1
34.7,2.7,1
34.72,2.75,1
34.74,2.8,1
34.77,2.85,1
34.79,2.89,1
34.82,2.95,1
34.84,3,1
34.87,3.05,1
34.89,3.1,1
34.92,3.15,1
34.94,3.21,1
34.96,3.27,1
34.99,3.32,1
35.01,3.38,1
35.04,3.44,1
35.06,3.5,1
35.09,3.54,1
35.11,3.59,1
35.14,3.64,1
35.16,3.7,1
35.18,3.74,1
35.21,3.79,1
35.23,3.85,1
35.26,3.92,1
35.28,3.98,1
35.31,4.03,1
35.33,4.09,1
35.36,4.15,1
35.38,4.19,1
35.4,4.23,1
35.43,4.27,1
35.45,4.3,1
35.48,4.34,1
35.5,4.38,1
35.53,4.42,1
35.55,4.45,1
35.57,4.49,1
35.6,4.54,1
35.62,4.58,1
35.65,4.61,1
35.67,4.64,1
35.7,4.66,1
35.72,4.68,1
35.75,4.72,1
35.77,4.73,1
35.79,4.74,1
35.82,4.75,1
35.84,4.76,1
35.87,4.78,1
35.89,4.81,1
35.92,4.81,1
35.94,4.83,1
35.97,4.87,1
35.99,4.89,1
36.01,4.9,1
36.04,4.91,1
36.06,4.92,1
36.09,4.92,1
36.11,4.91,1
36.14,4.89,1
36.16,4.88,1
36.19,4.85,1
36.21,4.86,1
36.23,4.86,1
36.26,4.85,1
36.28,4.84,1
36.31,4.84,1
36.33,4.82,1
36.36,4.83,1
36.38,4.81,1
36.41,4.77,1
36.43,4.75,1
36.45,4.72,1
36.48,4.69,1
36.5,4.66,1
36.53,4.63,1
36.55,4.6,1
36.58,4.55,1
36.6,4.53,1
36.62,4.51,1
36.65,4.46,1
36.67,4.43,1
36.7,4.42,1
36.72,4.38,1
36.75,4.36,1
36.77,4.32,1
36.8,4.28,1
36.82,4.26,1
36.84,4.22,1
36.87,4.15,1
36.89,4.11,1
36.92,4.06,1
36.94,4.01,1
36.97,3.98,1
36.99,3.93,1
37.02,3.89,1
37.04,3.84,1
37.06,3.79,1
37.09,3.76,1
37.11,3.72,1
37.14,3.67,1
37.16,3.62,1
37.19,3.56,1
37.21,3.53,1
37.24,3.49,1
37.26,3.44,1
37.28,3.4,1
37.31,3.36,1
37.33,3.33,1
37.36,3.31,1
37.38,3.24,1
37.41,3.21,1
37.43,3.17,1
37.46,3.13,1
37.48,3.07,1
37.5,3.02,1
37.53,2.97,1
37.55,2.94,1
37.58,2.89,1
37.6,2.85,1
37.63,2.83,1
37.65,2.77,1
37.68,2.75,1
37.7,2.72,1
37.72,2.7,1
37.75,2.68,1
37.77,2.64,1
37.8,2.6,1
37.82,2.59,1
37.85,2.55,1
37.87,2.52,1
37.89,2.5,1
37.92,2.46,1
37.94,2.43,1
37.97,2.4,1
37.99,2.37,1
38.02,2.36,1
38.04,2.33,1
38.07,2.3,1
38.09,2.29,1
38.11,2.26,1
38.14,2.23,1
38.16,2.23,1
38.19,2.21,1
38.21,2.2,1
38.24,2.2,1
38.26,2.17,1
38.29,2.18,1
38.31,2.17,1
38.33,2.16,1
38.36,2.15,1
38.38,2.13,1
38.41,2.13,1
38.43,2.14,1
38.46,2.14,1
38.48,2.15,1
38.51,2.15,1
38.53,2.14,1
38.55,2.18,1
38.58,2.18,1
38.6,2.18,1
38.63,2.19,1
38.65,2.2,1
38.68,2.21,1
38.7,2.23,1
38.73,2.23,1
38.75,2.25,1
38.77,2.26,1
38.8,2.28,1
38.82,2.3,1
38.85,2.33,1
38.87,2.35,1
38.9,2.38,1
38.92,2.4,1
38.94,2.43,1
38.97,2.48,1
38.99,2.52,1
39.02,2.55,1
39.04,2.59,1
39.07,2.62,1
39.09,2.67,1
39.12,2.7,1
39.14,2.74,1
39.16,2.81,1
39.19,2.86,1
39.21,2.9,1
39.24,2.96,1
39.26,3.03,1
39.29,3.11,1
39.31,3.16,1
39.34,3.21,1
39.36,3.25,1
39.38,3.3,1
39.41,3.35,1
39.43,3.41,1
39.46,3.46,1
39.48,3.52,1
39.51,3.59,1
39.53,3.68,1
39.56,3.77,1
39.58,3.85,1
39.6,3.93,1
39.63,4.02,1
39.65,4.08,1
39.68,4.14,1
39.7,4.2,1
39.73,4.26,1
39.75,4.34,1
39.78,4.4,1
39.8,4.48,1
39.82,4.57,1
39.85,4.65,1
39.87,4.74,1
39.9,4.83,1
39.92,4.9,1
39.95,4.98,1
39.97,5.04,1
39.99,5.1,1
40.02,5.19,1
40.04,5.27,1
40.07,5.33,1
40.09,5.4,1
40.12,5.46,1
40.14,5.53,1
40.17,5.62,1
40.19,5.68,1
40.21,5.74,1
40.24,5.82,1
40.26,5.86,1
40.29,5.94,1
40.31,6,1
40.34,6.06,1
40.36,6.12,1
40.39,6.17,1
40.41,6.2,1
40.43,6.26,1
40.46,6.29,1
40.48,6.35,1
40.51,6.4,1
40.53,6.44,1
40.56,6.48,1
40.58,6.51,1
40.61,6.54,1
40.63,6.58,1
40.65,6.62,1
40.68,6.63,1
40.7,6.66,1
40.73,6.67,1
40.75,6.71,1
40.78,6.74,1
40.8,6.74,1
40.83,6.75,1
40.85,6.76,1
40.87,6.75,1
40.9,6.78,1
40.92,6.77,1
40.95,6.75,1
40.97,6.75,1
41,6.75,1
41.02,6.74,1
41.05,6.74,1
41.07,6.72,1
41.09,6.69,1
41.12,6.69,1
41.14,6.67,1
41.17,6.64,1
41.19,6.6,1
41.22,6.57,1
41.24,6.53,1
41.26,6.5,1
41.29,6.46,1
41.31,6.41,1
41.34,6.37,1
41.36,6.35,1
41.39,6.3,1
41.41,6.25,1
41.44,6.19,1
41.46,6.14,1
41.48,6.11,1
41.51,6.07,1
41.53,6.01,1
41.56,5.97,1
41.58,5.92,1
41.61,5.88,1
41.63,5.83,1
41.66,5.76,1
41.68,5.7,1
41.7,5.63,1
41.73,5.56,1
41.75,5.5,1
41.78,5.44,1
41.8,5.38,1
41.83,5.32,1
41.85,5.25,1
41.88,5.2,1
41.9,5.15,1
41.92,5.09,1
41.95,5.01,1
41.97,4.96,1
42,4.89,1
42.02,4.83,1
42.05,4.76,1
42.07,4.69,1
42.1,4.65,1
42.12,4.59,1
42.14,4.53,1
42.17,4.47,1
42.19,4.41,1
42.22,4.36,1
42.24,4.3,1
42.27,4.22,1
42.29,4.17,1
42.31,4.09,1
42.34,4.02,1
42.36,3.96,1
42.39,3.9,1
42.41,3.84,1
42.44,3.8,1
42.46,3.75,1
42.49,3.72,1
42.51,3.67,1
42.53,3.62,1
42.56,3.56,1
42.58,3.51,1
42.61,3.46,1
42.63,3.41,1
42.66,3.36,1
42.68,3.32,1
42.71,3.27,1
42.73,3.25,1
42.75,3.23,1
42.78,3.19,1
42.8,3.16,1
42.83,3.13,1
42.85,3.11,1
42.88,3.07,1
42.9,3.03,1
42.93,2.99,1
42.95,2.97,1
42.97,2.94,1
43,2.93,1
43.02,2.89,1
43.05,2.85,1
43.07,2.84,1
43.1,2.83,1
43.12,2.8,1
43.15,2.8,1
43.17,2.77,1
43.19,2.77,1
43.22,2.8,1
43.24,2.79,1
43.27,2.8,1
43.29,2.8,1
43.32,2.81,1
43.34,2.82,1
43.36,2.82,1
43.39,2.82,1
43.41,2.83,1
43.44,2.84,1
43.46,2.85,1
43.49,2.86,1
43.51,2.86,1
43.54,2.9,1
43.56,2.92,1
43.58,2.94,1
43.61,2.98,1
43.63,3.01,1
43.66,3.03,1
43.68,3.08,1
43.71,3.1,1
43.73,3.14,1
43.76,3.17,1
43.78,3.2,1
43.8,3.24,1
43.83,3.29,1
43.85,3.32,1
43.88,3.39,1
43.9,3.43,1
43.93,3.48,1
43.95,3.56,1
43.98,3.6,1
44,3.66,1
44.02,3.73,1
44.05,3.79,1
44.07,3.85,1
44.1,3.94,1
44.12,4,1
44.15,4.09,1
44.17,4.16,1
44.2,4.24,1
44.22,4.32,1
44.24,4.39,1
44.27,4.47,1
44.29,4.55,1
44.32,4.62,1
44.34,4.72,1
44.37,4.8,1
44.39,4.9,1
44.41,5.02,1
44.44,5.12,1
44.46,5.21,1
44.49,5.32,1
44.51,5.41,1
44.54,5.51,1
44.56,5.59,1
44.59,5.67,1
44.61,5.76,1
44.63,5.84,1
44.66,5.93,1
44.68,6.05,1
44.71,6.14,1
44.73,6.26,1
44.76,6.37,1
44.78,6.49,1
44.81,6.62,1
44.83,6.72,1
44.85,6.82,1
44.88,6.9,1
44.9,6.99,1
44.93,7.09,1
44.95,7.19,1
44.98,7.26,1
45,7.36,1
45.03,7.46,1
45.05,7.55,1
45.07,7.65,1
45.1,7.72,1
45.12,7.8,1
45.15,7.88,1
45.17,7.96,1
45.2,8.03,1
45.22,8.11,1
45.25,8.16,1
45.27,8.24,1
45.29,8.29,1
45.32,8.34,1
45.34,8.4,1
45.37,8.44,1
45.39,8.49,1
45.42,8.59,1
45.44,8.62,1
45.47,8.67,1
45.49,8.71,1
45.51,8.73,1
45.54,8.77,1
45.56,8.81,1
45.59,8.83,1
45.61,8.88,1
45.64,8.89,1
45.66,8.92,1
45.68,8.97,1
45.71,8.97,1
45.73,8.99,1
45.76,8.99,1
45.78,8.98,1
45.81,8.99,1
45.83,8.98,1
45.86,8.95,1
45.88,8.96,1
45.9,8.92,1
45.93,8.88,1
45.95,8.85,1
45.98,8.79,1
46,8.74,1
46.03,8.72,1
46.05,8.68,1
46.08,8.66,1
46.1,8.6,1
46.12,8.56,1
46.15,8.56,1
46.17,8.51,1
46.2,8.45,1
46.22,8.38,1
46.25,8.32,1
46.27,8.27,1
46.3,8.2,1
46.32,8.12,1
46.34,8.06,1
46.37,8.01,1
46.39,7.93,1
46.42,7.86,1
46.44,7.8,1
46.47,7.72,1
46.49,7.64,1
46.52,7.56,1
46.54,7.5,1
46.56,7.42,1
46.59,7.33,1
46.61,7.25,1
46.64,7.18,1
46.66,7.12,1
46.69,7.05,1
46.71,6.95,1
46.73,6.87,1
46.76,6.79,1
46.78,6.71,1
46.81,6.62,1
46.83,6.51,1
46.86,6.41,1
46.88,6.35,1
46.91,6.27,1
46.93,6.19,1
46.95,6.09,1
46.98,6.01,1
47,5.94,1
47.03,5.86,1
47.05,5.75,1
47.08,5.67,1
47.1,5.56,1
47.13,5.5,1
47.15,5.43,1
47.17,5.35,1
47.2,5.26,1
47.22,5.2,1
47.25,5.11,1
47.27,5.07,1
47.3,4.99,1
47.32,4.91,1
47.35,4.85,1
47.37,4.78,1
47.39,4.7,1
47.42,4.65,1
47.44,4.57,1
47.47,4.5,1
47.49,4.42,1
47.52,4.35,1
47.54,4.3,1
47.57,4.24,1
47.59,4.19,1
47.61,4.16,1
47.64,4.11,1
47.66,4.07,1
47.69,4.03,1
47.71,3.99,1
47.74,3.95,1
47.76,3.9,1
47.78,3.83,1
47.81,3.79,1
47.83,3.75,1
47.86,3.72,1
47.88,3.7,1
47.91,3.7,1
47.93,3.67,1
47.96,3.67,1
47.98,3.65,1
48,3.65,1
48.03,3.65,1
48.05,3.61,1
48.08,3.59,1
48.1,3.58,1
48.13,3.56,1
48.15,3.56,1
48.18,3.56,1
48.2,3.55,1
48.22,3.57,1
48.25,3.59,1
48.27,3.59,1
48.3,3.59,1
48.32,3.6,1
48.35,3.63,1
48.37,3.67,1
48.4,3.68,1
48.42,3.69,1
48.44,3.73,1
48.47,3.78,1
48.49,3.82,1
48.52,3.83,1
48.54,3.86,1
48.57,3.91,1
48.59,3.94,1
48.62,3.98,1
48.64,4.04,1
48.66,4.1,1
48.69,4.17,1
48.71,4.24,1
48.74,4.29,1
48.76,4.36,1
48.79,4.44,1
48.81,4.49,1
48.84,4.55,1
48.86,4.61,1
48.88,4.66,1
48.91,4.73,1
48.93,4.83,1
48.96,4.9,1
48.98,5,1
49.01,5.09,1
49.03,5.2,1
49.05,5.31,1
49.08,5.42,1
49.1,5.5,1
49.13,5.6,1
49.15,5.71,1
49.18,5.82,1
49.2,5.91,1
49.23,6.02,1
49.25,6.12,1
49.27,6.24,1
49.3,6.38,1
49.32,6.48,1
49.35,6.59,1
49.37,6.71,1
49.4,6.84,1
49.42,6.95,1
49.45,7.05,1
49.47,7.18,1
49.49,7.3,1
49.52,7.42,1
49.54,7.54,1
49.57,7.67,1
49.59,7.83,1
49.62,7.97,1
49.64,8.09,1
49.67,8.25,1
49.69,8.38,1
49.71,8.5,1
49.74,8.6,1
49.76,8.69,1
49.79,8.81,1
49.81,8.92,1
49.84,9.01,1
49.86,9.13,1
49.89,9.25,1
49.91,9.39,1
49.93,9.53,1
49.96,9.64,1
49.98,9.74,1
50.01,9.87,1
50.03,9.95,1
50.06,10.04,1
50.08,10.11,1
50.1,10.18,1
50.13,10.26,1
50.15,10.36,1
50.18,10.42,1
50.2,10.52,1
50.23,10.63,1
50.25,10.7,1
50.28,10.77,1
50.3,10.86,1
50.32,10.91,1
50.35,10.97,1
50.37,11.01,1
50.4,11.07,1
50.42,11.13,1
50.45,11.16,1
50.47,11.21,1
50.5,11.25,1
50.52,11.28,1
50.54,11.31,1
50.57,11.32,1
50.59,11.32,1
50.62,11.35,1
50.64,11.36,1
50.67,11.37,1
50.69,11.38,1
50.72,11.38,1
50.74,11.36,1
50.76,11.37,1
50.79,11.34,1
50.81,11.31,1
50.84,11.27,1
50.86,11.23,1
50.89,11.18,1
50.91,11.15,1
50.94,11.1,1
50.96,11.07,1
50.98,11.03,1
51.01,10.98,1
51.03,10.94,1
51.06,10.9,1
51.08,10.81,1
51.11,10.77,1
51.13,10.7,1
51.15,10.62,1
51.18,10.55,1
51.2,10.47,1
51.23,10.37,1
51.25,10.34,1
51.28,10.24,1
51.3,10.15,1
51.33,10.08,1
51.35,9.98,1
51.37,9.9,1
51.4,9.84,1
51.42,9.72,1
51.45,9.64,1
51.47,9.53,1
51.5,9.42,1
51.52,9.32,1
51.55,9.22,1
51.57,9.13,1
51.59,9.04,1
51.62,8.93,1
51.64,8.84,1
51.67,8.75,1
51.69,8.66,1
51.72,8.54,1
51.74,8.42,1
51.77,8.29,1
51.79,8.19,1
51.81,8.06,1
51.84,7.94,1
51.86,7.84,1
51.89,7.75,1
51.91,7.65,1
51.94,7.55,1
51.96,7.45,1
51.99,7.36,1
52.01,7.27,1
52.03,7.15,1
52.06,7.04,1
52.08,6.94,1
52.11,6.84,1
52.13,6.75,1
52.16,6.67,1
52.18,6.59,1
52.2,6.51,1
52.23,6.42,1
52.25,6.34,1
52.28,6.26,1
52.3,6.17,1
52.33,6.06,1
52.35,5.96,1
52.38,5.86,1
52.4,5.78,1
52.42,5.68,1
52.45,5.61,1
52.47,5.53,1
52.5,5.47,1
52.52,5.39,1
52.55,5.33,1
52.57,5.28,1
52.6,5.24,1
52.62,5.19,1
52.64,5.14,1
52.67,5.07,1
52.69,5.02,1
52.72,4.98,1
52.74,4.93,1
52.77,4.89,1
52.79,4.85,1
52.82,4.79,1
52.84,4.77,1
52.86,4.75,1
52.89,4.74,1
52.91,4.71,1
52.94,4.69,1
52.96,4.67,1
52.99,4.68,1
53.01,4.62,1
53.04,4.6,1
53.06,4.59,1
53.08,4.58,1
53.11,4.58,1
53.13,4.59,1
53.16,4.59,1
53.18,4.63,1
53.21,4.64,1
53.23,4.66,1
53.26,4.69,1
53.28,4.72,1
53.3,4.74,1
53.33,4.77,1
53.35,4.79,1
53.38,4.83,1
53.4,4.87,1
53.43,4.9,1
53.45,4.95,1
53.47,4.96,1
53.5,5.01,1
53.52,5.07,1
53.55,5.11,1
53.57,5.18,1
53.6,5.28,1
53.62,5.33,1
53.65,5.43,1
53.67,5.52,1
53.69,5.6,1
53.72,5.7,1
53.74,5.78,1
53.77,5.84,1
53.79,5.95,1
53.82,6.01,1
53.84,6.11,1
53.87,6.23,1
53.89,6.34,1
53.91,6.45,1
53.94,6.58,1
53.96,6.69,1
53.99,6.82,1
54.01,6.93,1
54.04,7.04,1
54.06,7.17,1
54.09,7.28,1
54.11,7.38,1
54.13,7.51,1
54.16,7.65,1
54.18,7.79,1
54.21,7.93,1
54.23,8.07,1
54.26,8.21,1
54.28,8.34,1
54.31,8.47,1
54.33,8.62,1
54.35,8.74,1
54.38,8.89,1
54.4,9.02,1
54.43,9.16,1
54.45,9.32,1
54.48,9.49,1
54.5,9.65,1
54.52,9.8,1
54.55,9.93,1
54.57,10.1,1
54.6,10.26,1
54.62,10.38,1
54.65,10.49,1
54.67,10.62,1
54.7,10.76,1
54.72,10.91,1
54.74,11.01,1
54.77,11.15,1
54.79,11.31,1
54.82,11.45,1
54.84,11.62,1
54.87,11.76,1
54.89,11.91,1
54.92,12.07,1
54.94,12.18,1
54.96,12.3,1
54.99,12.43,1
55.01,12.51,1
55.04,12.62,1
55.06,12.73,1
55.09,12.82,1
55.11,12.93,1
55.14,13.05,1
55.16,13.13,1
55.18,13.24,1
55.21,13.31,1
55.23,13.4,1
55.26,13.48,1
55.28,13.54,1
55.31,13.61,1
55.33,13.71,1
55.36,13.76,1
55.38,13.87,1
55.4,13.92,1
55.43,13.95,1
55.45,14.01,1
55.48,14.05,1
55.5,14.06,1
55.53,14.1,1
55.55,14.1,1
55.57,14.1,1
55.6,14.13,1
55.62,14.11,1
55.65,14.11,1
55.67,14.1,1
55.7,14.07,1
55.72,14.07,1
55.75,14.03,1
55.77,14.01,1
55.79,13.98,1
55.82,13.94,1
55.84,13.9,1
55.87,13.9,1
55.89,13.83,1
55.92,13.8,1
55.94,13.75,1
55.97,13.69,1
55.99,13.62,1
56.01,13.56,1
56.04,13.46,1
56.06,13.4,1
56.09,13.33,1
56.11,13.24,1
56.14,13.17,1
56.16,13.11,1
56.19,13.05,1
56.21,12.98,1
56.23,12.88,1
56.26,12.79,1
56.28,12.69,1
56.31,12.57,1
56.33,12.47,1
56.36,12.34,1
56.38,12.21,1
56.41,12.1,1
56.43,12.01,1
56.45,11.91,1
56.48,11.81,1
56.5,11.69,1
56.53,11.58,1
56.55,11.47,1
56.58,11.36,1
56.6,11.2,1
56.62,11.07,1
56.65,10.93,1
56.67,10.79,1
56.7,10.67,1
56.72,10.52,1
56.75,10.38,1
56.77,10.28,1
56.8,10.17,1
56.82,10.07,1
56.84,9.94,1
56.87,9.81,1
56.89,9.68,1
56.92,9.58,1
56.94,9.44,1
56.97,9.28,1
56.99,9.14,1
57.02,9.01,1
57.04,8.9,1
57.06,8.82,1
57.09,8.69,1
57.11,8.59,1
57.14,8.47,1
57.16,8.36,1
57.19,8.28,1
57.21,8.15,1
57.24,8.03,1
57.26,7.94,1
57.28,7.82,1
57.31,7.71,1
57.33,7.63,1
57.36,7.54,1
57.38,7.44,1
57.41,7.36,1
57.43,7.25,1
57.46,7.16,1
57.48,7.08,1
57.5,7,1
57.53,6.92,1
57.55,6.85,1
57.58,6.77,1
57.6,6.71,1
57.63,6.65,1
57.65,6.62,1
57.68,6.56,1
57.7,6.51,1
57.72,6.48,1
57.75,6.44,1
57.77,6.37,1
57.8,6.34,1
57.82,6.3,1
57.85,6.24,1
57.87,6.2,1
57.89,6.16,1
57.92,6.13,1
57.94,6.11,1
57.97,6.07,1
57.99,6.05,1
58.02,6.05,1
58.04,6.05,1
58.07,6.04,1
58.09,6.02,1
58.11,6.03,1
58.14,6.05,1
58.16,6.08,1
58.19,6.09,1
58.21,6.1,1
58.24,6.11,1
58.26,6.15,1
58.29,6.19,1
58.31,6.22,1
58.33,6.24,1
58.36,6.31,1
58.38,6.35,1
58.41,6.4,1
58.43,6.46,1
58.46,6.53,1
58.48,6.61,1
58.51,6.71,1
58.53,6.76,1
58.55,6.87,1
58.58,6.94,1
58.6,7.02,1
58.63,7.1,1
58.65,7.18,1
58.68,7.27,1
58.7,7.37,1
58.73,7.44,1
58.75,7.58,1
58.77,7.7,1
58.8,7.82,1
58.82,7.95,1
58.85,8.07,1
58.87,8.16,1
58.9,8.28,1
58.92,8.39,1
58.94,8.52,1
58.97,8.65,1
58.99,8.78,1
59.02,8.91,1
59.04,9.08,1
59.07,9.23,1
59.09,9.39,1
59.12,9.57,1
59.14,9.72,1
59.16,9.89,1
59.19,10.03,1
59.21,10.16,1
59.24,10.32,1
59.26,10.47,1
59.29,10.62,1
59.31,10.79,1
59.34,10.93,1
59.36,11.14,1
59.38,11.36,1
59.41,11.56,1
59.43,11.75,1
59.46,11.95,1
59.48,12.11,1
59.51,12.28,1
59.53,12.44,1
59.56,12.58,1
59.58,12.73,1
59.6,12.88,1
59.63,13.02,1
59.65,13.19,1
59.68,13.38,1
59.7,13.56,1
59.73,13.75,1
59.75,13.94,1
59.78,14.12,1
59.8,14.28,1
59.82,14.44,1
59.85,14.59,1
59.87,14.75,1
59.9,14.88,1
59.92,15.01,1
59.95,15.14,1
59.97,15.25,1
59.99,15.35,1
